mean_fit_time,std_fit_time,mean_score_time,std_score_time,param_max_depth,param_max_features,param_min_samples_leaf,param_min_samples_split,param_n_estimators,params,split0_test_score,split1_test_score,split2_test_score,split3_test_score,split4_test_score,mean_test_score,std_test_score,rank_test_score
0.8057024002075195,0.10512444311948843,0.05148491859436035,0.0024379327425944185,10,log2,1,2,400,"{'max_depth': 10, 'max_features': 'log2', 'min_samples_leaf': 1, 'min_samples_split': 2, 'n_estimators': 400}",0.8918918918918919,0.8611111111111112,0.8055555555555556,0.8888888888888888,0.7777777777777778,0.8450450450450451,0.0457369286399534,54
1.00697979927063,0.06962000243413433,0.07053112983703613,0.006709298727002894,10,log2,1,2,600,"{'max_depth': 10, 'max_features': 'log2', 'min_samples_leaf': 1, 'min_samples_split': 2, 'n_estimators': 600}",0.8918918918918919,0.8611111111111112,0.8055555555555556,0.8888888888888888,0.7777777777777778,0.8450450450450451,0.0457369286399534,54
1.371242094039917,0.04982933033262703,0.08392329216003418,0.00544605047211016,10,log2,1,2,800,"{'max_depth': 10, 'max_features': 'log2', 'min_samples_leaf': 1, 'min_samples_split': 2, 'n_estimators': 800}",0.8918918918918919,0.8611111111111112,0.8055555555555556,0.8888888888888888,0.7777777777777778,0.8450450450450451,0.0457369286399534,54
1.588391160964966,0.07626323548792555,0.1014817237854004,0.004024518407331268,10,log2,1,2,1000,"{'max_depth': 10, 'max_features': 'log2', 'min_samples_leaf': 1, 'min_samples_split': 2, 'n_estimators': 1000}",0.8918918918918919,0.8611111111111112,0.7777777777777778,0.8888888888888888,0.7777777777777778,0.8394894894894895,0.05151791471884726,105
0.6774370193481445,0.03037906021846872,0.046128034591674805,0.0018557698650449768,10,log2,1,5,400,"{'max_depth': 10, 'max_features': 'log2', 'min_samples_leaf': 1, 'min_samples_split': 5, 'n_estimators': 400}",0.8378378378378378,0.8055555555555556,0.7777777777777778,0.8611111111111112,0.7777777777777778,0.812012012012012,0.03305554788265352,117
1.0055903911590576,0.03138166216931691,0.06944026947021484,0.009226029814464309,10,log2,1,5,600,"{'max_depth': 10, 'max_features': 'log2', 'min_samples_leaf': 1, 'min_samples_split': 5, 'n_estimators': 600}",0.8378378378378378,0.8055555555555556,0.7777777777777778,0.8611111111111112,0.7777777777777778,0.812012012012012,0.03305554788265352,117
1.2760103225708008,0.061476469912940764,0.08352651596069335,0.00311497274432065,10,log2,1,5,800,"{'max_depth': 10, 'max_features': 'log2', 'min_samples_leaf': 1, 'min_samples_split': 5, 'n_estimators': 800}",0.8378378378378378,0.8055555555555556,0.7777777777777778,0.8611111111111112,0.7777777777777778,0.812012012012012,0.03305554788265352,117
1.6586249828338624,0.07311230299945921,0.11705613136291504,0.011232247918057176,10,log2,1,5,1000,"{'max_depth': 10, 'max_features': 'log2', 'min_samples_leaf': 1, 'min_samples_split': 5, 'n_estimators': 1000}",0.8378378378378378,0.8055555555555556,0.7777777777777778,0.8611111111111112,0.7777777777777778,0.812012012012012,0.03305554788265352,117
0.6373604774475098,0.023186149467456174,0.052575874328613284,0.008928479101092818,10,log2,2,2,400,"{'max_depth': 10, 'max_features': 'log2', 'min_samples_leaf': 2, 'min_samples_split': 2, 'n_estimators': 400}",0.7567567567567568,0.8055555555555556,0.75,0.8055555555555556,0.7777777777777778,0.7791291291291291,0.023441703808413872,158
1.1075688362121583,0.11651527288127739,0.07539172172546386,0.011024085047860524,10,log2,2,2,600,"{'max_depth': 10, 'max_features': 'log2', 'min_samples_leaf': 2, 'min_samples_split': 2, 'n_estimators': 600}",0.7567567567567568,0.8055555555555556,0.75,0.8333333333333334,0.7777777777777778,0.7846846846846847,0.031090146796991642,121
1.3219396114349364,0.09001840049503049,0.09225611686706543,0.017443464377801907,10,log2,2,2,800,"{'max_depth': 10, 'max_features': 'log2', 'min_samples_leaf': 2, 'min_samples_split': 2, 'n_estimators': 800}",0.7567567567567568,0.8055555555555556,0.75,0.8333333333333334,0.7777777777777778,0.7846846846846847,0.031090146796991642,121
1.5797605037689209,0.08511056567408143,0.11100497245788574,0.009946928613035646,10,log2,2,2,1000,"{'max_depth': 10, 'max_features': 'log2', 'min_samples_leaf': 2, 'min_samples_split': 2, 'n_estimators': 1000}",0.7567567567567568,0.8055555555555556,0.75,0.8333333333333334,0.7777777777777778,0.7846846846846847,0.031090146796991642,121
0.6567042350769043,0.04313893466238983,0.05336952209472656,0.011181960511834276,10,log2,2,5,400,"{'max_depth': 10, 'max_features': 'log2', 'min_samples_leaf': 2, 'min_samples_split': 5, 'n_estimators': 400}",0.7567567567567568,0.8055555555555556,0.75,0.8055555555555556,0.7777777777777778,0.7791291291291291,0.023441703808413872,158
0.9919013023376465,0.056318615870807553,0.06993575096130371,0.009694431315434177,10,log2,2,5,600,"{'max_depth': 10, 'max_features': 'log2', 'min_samples_leaf': 2, 'min_samples_split': 5, 'n_estimators': 600}",0.7567567567567568,0.8055555555555556,0.75,0.8055555555555556,0.7777777777777778,0.7791291291291291,0.023441703808413872,158
1.2652966499328613,0.06227054999352158,0.12102413177490234,0.02567925027959206,10,log2,2,5,800,"{'max_depth': 10, 'max_features': 'log2', 'min_samples_leaf': 2, 'min_samples_split': 5, 'n_estimators': 800}",0.7567567567567568,0.8055555555555556,0.75,0.8333333333333334,0.7777777777777778,0.7846846846846847,0.031090146796991642,121
1.6474151134490966,0.0608895071661022,0.117254638671875,0.00870820486478648,10,log2,2,5,1000,"{'max_depth': 10, 'max_features': 'log2', 'min_samples_leaf': 2, 'min_samples_split': 5, 'n_estimators': 1000}",0.7567567567567568,0.8055555555555556,0.75,0.8333333333333334,0.7777777777777778,0.7846846846846847,0.031090146796991642,121
0.7147363662719727,0.053578321417507,0.05148468017578125,0.00799396883610352,10,sqrt,1,2,400,"{'max_depth': 10, 'max_features': 'sqrt', 'min_samples_leaf': 1, 'min_samples_split': 2, 'n_estimators': 400}",0.8918918918918919,0.8611111111111112,0.8055555555555556,0.9166666666666666,0.8055555555555556,0.8561561561561561,0.044908702568000274,7
1.089811658859253,0.08184610716624151,0.07192015647888184,0.0072422450690155,10,sqrt,1,2,600,"{'max_depth': 10, 'max_features': 'sqrt', 'min_samples_leaf': 1, 'min_samples_split': 2, 'n_estimators': 600}",0.8918918918918919,0.8611111111111112,0.8055555555555556,0.8888888888888888,0.8055555555555556,0.8506006006006006,0.03831330514054135,19
1.3987206935882568,0.037115975408194155,0.09285130500793456,0.009542936437913286,10,sqrt,1,2,800,"{'max_depth': 10, 'max_features': 'sqrt', 'min_samples_leaf': 1, 'min_samples_split': 2, 'n_estimators': 800}",0.8918918918918919,0.8611111111111112,0.7777777777777778,0.8888888888888888,0.8055555555555556,0.8450450450450451,0.0457369286399534,54
1.8254793167114258,0.024212867242174793,0.11973423957824707,0.016795735722242137,10,sqrt,1,2,1000,"{'max_depth': 10, 'max_features': 'sqrt', 'min_samples_leaf': 1, 'min_samples_split': 2, 'n_estimators': 1000}",0.8918918918918919,0.8611111111111112,0.7777777777777778,0.8888888888888888,0.8055555555555556,0.8450450450450451,0.0457369286399534,54
0.7297153949737549,0.03737765251003133,0.04940156936645508,0.006333190952633914,10,sqrt,1,5,400,"{'max_depth': 10, 'max_features': 'sqrt', 'min_samples_leaf': 1, 'min_samples_split': 5, 'n_estimators': 400}",0.8918918918918919,0.8611111111111112,0.7777777777777778,0.8888888888888888,0.7777777777777778,0.8394894894894895,0.05151791471884726,105
1.0758244037628173,0.05364062736795657,0.07658262252807617,0.00486592690587308,10,sqrt,1,5,600,"{'max_depth': 10, 'max_features': 'sqrt', 'min_samples_leaf': 1, 'min_samples_split': 5, 'n_estimators': 600}",0.8918918918918919,0.8611111111111112,0.7777777777777778,0.8888888888888888,0.8055555555555556,0.8450450450450451,0.0457369286399534,54
1.4491143703460694,0.07670477897501873,0.09572830200195312,0.004324112993749027,10,sqrt,1,5,800,"{'max_depth': 10, 'max_features': 'sqrt', 'min_samples_leaf': 1, 'min_samples_split': 5, 'n_estimators': 800}",0.8918918918918919,0.8611111111111112,0.7777777777777778,0.8888888888888888,0.8055555555555556,0.8450450450450451,0.0457369286399534,54
1.8010763645172119,0.05596003200054646,0.10852465629577637,0.001642093431474247,10,sqrt,1,5,1000,"{'max_depth': 10, 'max_features': 'sqrt', 'min_samples_leaf': 1, 'min_samples_split': 5, 'n_estimators': 1000}",0.8918918918918919,0.8611111111111112,0.7777777777777778,0.8611111111111112,0.8055555555555556,0.8394894894894895,0.04157125943548612,105
0.7525313854217529,0.039610965661810285,0.04880647659301758,0.002023178937863998,10,sqrt,2,2,400,"{'max_depth': 10, 'max_features': 'sqrt', 'min_samples_leaf': 2, 'min_samples_split': 2, 'n_estimators': 400}",0.8648648648648649,0.8333333333333334,0.8055555555555556,0.8888888888888888,0.8055555555555556,0.8396396396396397,0.03293939773040423,104
1.0720551013946533,0.07833342174695364,0.0688446044921875,0.008030906350960307,10,sqrt,2,2,600,"{'max_depth': 10, 'max_features': 'sqrt', 'min_samples_leaf': 2, 'min_samples_split': 2, 'n_estimators': 600}",0.8648648648648649,0.8333333333333334,0.7777777777777778,0.8888888888888888,0.8055555555555556,0.8340840840840841,0.03983933682108587,110
1.4902824401855468,0.10647948995487715,0.10832667350769043,0.016725140651624722,10,sqrt,2,2,800,"{'max_depth': 10, 'max_features': 'sqrt', 'min_samples_leaf': 2, 'min_samples_split': 2, 'n_estimators': 800}",0.8648648648648649,0.8333333333333334,0.7777777777777778,0.8888888888888888,0.8055555555555556,0.8340840840840841,0.03983933682108587,110
1.918231201171875,0.08398837062877432,0.11269164085388184,0.010147769121744237,10,sqrt,2,2,1000,"{'max_depth': 10, 'max_features': 'sqrt', 'min_samples_leaf': 2, 'min_samples_split': 2, 'n_estimators': 1000}",0.8648648648648649,0.8333333333333334,0.7777777777777778,0.8888888888888888,0.8055555555555556,0.8340840840840841,0.03983933682108587,110
0.8008421421051025,0.07566090930222455,0.05307168960571289,0.004788393043134041,10,sqrt,2,5,400,"{'max_depth': 10, 'max_features': 'sqrt', 'min_samples_leaf': 2, 'min_samples_split': 5, 'n_estimators': 400}",0.8648648648648649,0.8055555555555556,0.8055555555555556,0.8888888888888888,0.8055555555555556,0.8340840840840841,0.03575654881326337,110
1.0459652423858643,0.05295402160760226,0.06983675956726074,0.0040827611408527755,10,sqrt,2,5,600,"{'max_depth': 10, 'max_features': 'sqrt', 'min_samples_leaf': 2, 'min_samples_split': 5, 'n_estimators': 600}",0.8648648648648649,0.8055555555555556,0.7777777777777778,0.8888888888888888,0.8055555555555556,0.8285285285285285,0.04146047784910018,116
1.4401864051818847,0.05965692352981395,0.09106569290161133,0.002969198019419087,10,sqrt,2,5,800,"{'max_depth': 10, 'max_features': 'sqrt', 'min_samples_leaf': 2, 'min_samples_split': 5, 'n_estimators': 800}",0.8648648648648649,0.8333333333333334,0.7777777777777778,0.8888888888888888,0.8055555555555556,0.8340840840840841,0.03983933682108587,110
1.7877833843231201,0.045706120857430685,0.11467509269714356,0.00784515380554477,10,sqrt,2,5,1000,"{'max_depth': 10, 'max_features': 'sqrt', 'min_samples_leaf': 2, 'min_samples_split': 5, 'n_estimators': 1000}",0.8648648648648649,0.8333333333333334,0.7777777777777778,0.8888888888888888,0.8055555555555556,0.8340840840840841,0.03983933682108587,110
0.7028320789337158,0.018104998497911706,0.051485204696655275,0.002136798205247992,20,log2,1,2,400,"{'max_depth': 20, 'max_features': 'log2', 'min_samples_leaf': 1, 'min_samples_split': 2, 'n_estimators': 400}",0.918918918918919,0.9166666666666666,0.7777777777777778,0.9166666666666666,0.8055555555555556,0.867117117117117,0.062233569408362305,1
1.066202163696289,0.050881605985005386,0.06993594169616699,0.0027529828651525617,20,log2,1,2,600,"{'max_depth': 20, 'max_features': 'log2', 'min_samples_leaf': 1, 'min_samples_split': 2, 'n_estimators': 600}",0.918918918918919,0.9166666666666666,0.7777777777777778,0.8888888888888888,0.8055555555555556,0.8615615615615615,0.058701988048773565,6
1.4932584762573242,0.07262309635132488,0.08888320922851563,0.006339503169021142,20,log2,1,2,800,"{'max_depth': 20, 'max_features': 'log2', 'min_samples_leaf': 1, 'min_samples_split': 2, 'n_estimators': 800}",0.8918918918918919,0.9166666666666666,0.7777777777777778,0.9166666666666666,0.8055555555555556,0.8617117117117117,0.058565103199381394,5
1.8013738632202148,0.05279798412431004,0.11913919448852539,0.012969823109789752,20,log2,1,2,1000,"{'max_depth': 20, 'max_features': 'log2', 'min_samples_leaf': 1, 'min_samples_split': 2, 'n_estimators': 1000}",0.8918918918918919,0.9166666666666666,0.7777777777777778,0.8888888888888888,0.8055555555555556,0.8561561561561561,0.05424682011203089,7
0.7359652519226074,0.036353144951462045,0.06517410278320312,0.020379853333262254,20,log2,1,5,400,"{'max_depth': 20, 'max_features': 'log2', 'min_samples_leaf': 1, 'min_samples_split': 5, 'n_estimators': 400}",0.8918918918918919,0.8333333333333334,0.8055555555555556,0.8888888888888888,0.7777777777777778,0.8394894894894895,0.04513104902792681,105
1.0814788818359375,0.07614114433831631,0.08600621223449707,0.018060509957652265,20,log2,1,5,600,"{'max_depth': 20, 'max_features': 'log2', 'min_samples_leaf': 1, 'min_samples_split': 5, 'n_estimators': 600}",0.8918918918918919,0.8333333333333334,0.8055555555555556,0.8611111111111112,0.8055555555555556,0.8394894894894895,0.033329951401632876,105
1.5264902591705323,0.1513866806758456,0.09860491752624512,0.01439048240923496,20,log2,1,5,800,"{'max_depth': 20, 'max_features': 'log2', 'min_samples_leaf': 1, 'min_samples_split': 5, 'n_estimators': 800}",0.8918918918918919,0.8333333333333334,0.8055555555555556,0.8611111111111112,0.8333333333333334,0.8450450450450451,0.02927966427713307,54
1.9052361965179443,0.0870101679125402,0.1285635471343994,0.025305306436619435,20,log2,1,5,1000,"{'max_depth': 20, 'max_features': 'log2', 'min_samples_leaf': 1, 'min_samples_split': 5, 'n_estimators': 1000}",0.8918918918918919,0.8333333333333334,0.8055555555555556,0.8611111111111112,0.8333333333333334,0.8450450450450451,0.02927966427713307,54
0.7224737167358398,0.05657340709445257,0.05217905044555664,0.006385841950247288,20,log2,2,2,400,"{'max_depth': 20, 'max_features': 'log2', 'min_samples_leaf': 2, 'min_samples_split': 2, 'n_estimators': 400}",0.7567567567567568,0.8055555555555556,0.75,0.8333333333333334,0.7777777777777778,0.7846846846846847,0.031090146796991642,121
1.0532068729400634,0.05841977835726314,0.07479915618896485,0.007338245968765306,20,log2,2,2,600,"{'max_depth': 20, 'max_features': 'log2', 'min_samples_leaf': 2, 'min_samples_split': 2, 'n_estimators': 600}",0.7567567567567568,0.8055555555555556,0.75,0.8333333333333334,0.7777777777777778,0.7846846846846847,0.031090146796991642,121
1.3242215633392334,0.07922577294412866,0.10058894157409667,0.007204206353119741,20,log2,2,2,800,"{'max_depth': 20, 'max_features': 'log2', 'min_samples_leaf': 2, 'min_samples_split': 2, 'n_estimators': 800}",0.7567567567567568,0.8055555555555556,0.75,0.8333333333333334,0.7777777777777778,0.7846846846846847,0.031090146796991642,121
1.700685405731201,0.08530146610642932,0.136995267868042,0.02641113207623345,20,log2,2,2,1000,"{'max_depth': 20, 'max_features': 'log2', 'min_samples_leaf': 2, 'min_samples_split': 2, 'n_estimators': 1000}",0.7567567567567568,0.8055555555555556,0.75,0.8333333333333334,0.7777777777777778,0.7846846846846847,0.031090146796991642,121
0.6655332088470459,0.05441483206307075,0.0495999813079834,0.0067790208947937115,20,log2,2,5,400,"{'max_depth': 20, 'max_features': 'log2', 'min_samples_leaf': 2, 'min_samples_split': 5, 'n_estimators': 400}",0.7567567567567568,0.8055555555555556,0.75,0.8333333333333334,0.7777777777777778,0.7846846846846847,0.031090146796991642,121
0.984659481048584,0.04402795434028408,0.06735701560974121,0.010963288043288237,20,log2,2,5,600,"{'max_depth': 20, 'max_features': 'log2', 'min_samples_leaf': 2, 'min_samples_split': 5, 'n_estimators': 600}",0.7567567567567568,0.8055555555555556,0.75,0.8333333333333334,0.7777777777777778,0.7846846846846847,0.031090146796991642,121
1.2986275672912597,0.0861777768913372,0.10376296043395997,0.014573939031345818,20,log2,2,5,800,"{'max_depth': 20, 'max_features': 'log2', 'min_samples_leaf': 2, 'min_samples_split': 5, 'n_estimators': 800}",0.7567567567567568,0.8055555555555556,0.75,0.8333333333333334,0.7777777777777778,0.7846846846846847,0.031090146796991642,121
1.652176809310913,0.12366415026358463,0.12400002479553222,0.018380307024601434,20,log2,2,5,1000,"{'max_depth': 20, 'max_features': 'log2', 'min_samples_leaf': 2, 'min_samples_split': 5, 'n_estimators': 1000}",0.7567567567567568,0.8055555555555556,0.75,0.8333333333333334,0.7777777777777778,0.7846846846846847,0.031090146796991642,121
0.7972708702087402,0.02093699820803491,0.06725754737854003,0.02452998507127135,20,sqrt,1,2,400,"{'max_depth': 20, 'max_features': 'sqrt', 'min_samples_leaf': 1, 'min_samples_split': 2, 'n_estimators': 400}",0.8918918918918919,0.8888888888888888,0.7777777777777778,0.8611111111111112,0.8055555555555556,0.8450450450450451,0.045736928639953406,54
1.1106433868408203,0.06381326238122684,0.07380514144897461,0.015776933142065658,20,sqrt,1,2,600,"{'max_depth': 20, 'max_features': 'sqrt', 'min_samples_leaf': 1, 'min_samples_split': 2, 'n_estimators': 600}",0.8918918918918919,0.8888888888888888,0.8055555555555556,0.8888888888888888,0.8055555555555556,0.8561561561561561,0.04132976640428145,7
1.567658042907715,0.0975333332340657,0.08749451637268066,0.005511025986543195,20,sqrt,1,2,800,"{'max_depth': 20, 'max_features': 'sqrt', 'min_samples_leaf': 1, 'min_samples_split': 2, 'n_estimators': 800}",0.8918918918918919,0.8888888888888888,0.8055555555555556,0.8611111111111112,0.8055555555555556,0.8506006006006006,0.03831330514054135,19
1.9129736423492432,0.14885357514314532,0.11130242347717285,0.007198650425033261,20,sqrt,1,2,1000,"{'max_depth': 20, 'max_features': 'sqrt', 'min_samples_leaf': 1, 'min_samples_split': 2, 'n_estimators': 1000}",0.8918918918918919,0.8888888888888888,0.8055555555555556,0.8611111111111112,0.8055555555555556,0.8506006006006006,0.03831330514054135,19
0.7205890655517578,0.053172906327877516,0.04751687049865723,0.0019440296343895083,20,sqrt,1,5,400,"{'max_depth': 20, 'max_features': 'sqrt', 'min_samples_leaf': 1, 'min_samples_split': 5, 'n_estimators': 400}",0.8918918918918919,0.8333333333333334,0.8055555555555556,0.8888888888888888,0.8055555555555556,0.8450450450450451,0.038400295451974126,54
1.1834563255310058,0.06382967100179643,0.06924147605895996,0.00388806413957451,20,sqrt,1,5,600,"{'max_depth': 20, 'max_features': 'sqrt', 'min_samples_leaf': 1, 'min_samples_split': 5, 'n_estimators': 600}",0.8918918918918919,0.8333333333333334,0.8333333333333334,0.8888888888888888,0.8055555555555556,0.8506006006006006,0.03404801573489401,19
1.5202404499053954,0.06663829934993133,0.11040968894958496,0.02947033656448747,20,sqrt,1,5,800,"{'max_depth': 20, 'max_features': 'sqrt', 'min_samples_leaf': 1, 'min_samples_split': 5, 'n_estimators': 800}",0.8918918918918919,0.8333333333333334,0.7777777777777778,0.8888888888888888,0.8333333333333334,0.8450450450450451,0.04222824488547383,54
1.92973895072937,0.08000343466679585,0.11179814338684083,0.013132569606101088,20,sqrt,1,5,1000,"{'max_depth': 20, 'max_features': 'sqrt', 'min_samples_leaf': 1, 'min_samples_split': 5, 'n_estimators': 1000}",0.8918918918918919,0.8333333333333334,0.7777777777777778,0.8888888888888888,0.8333333333333334,0.8450450450450451,0.04222824488547383,54
0.7474718570709229,0.06220700914786189,0.04870748519897461,0.0037564397726617847,20,sqrt,2,2,400,"{'max_depth': 20, 'max_features': 'sqrt', 'min_samples_leaf': 2, 'min_samples_split': 2, 'n_estimators': 400}",0.8918918918918919,0.8611111111111112,0.8055555555555556,0.8888888888888888,0.8055555555555556,0.8506006006006006,0.03831330514054135,19
1.2010151863098144,0.16263574380585716,0.11636157035827636,0.060879258853990634,20,sqrt,2,2,600,"{'max_depth': 20, 'max_features': 'sqrt', 'min_samples_leaf': 2, 'min_samples_split': 2, 'n_estimators': 600}",0.8918918918918919,0.8611111111111112,0.8055555555555556,0.8888888888888888,0.8055555555555556,0.8506006006006006,0.03831330514054135,19
1.7267752170562745,0.19436357843629865,0.09166092872619629,0.007326281299352445,20,sqrt,2,2,800,"{'max_depth': 20, 'max_features': 'sqrt', 'min_samples_leaf': 2, 'min_samples_split': 2, 'n_estimators': 800}",0.8918918918918919,0.8611111111111112,0.7777777777777778,0.8888888888888888,0.8055555555555556,0.8450450450450451,0.0457369286399534,54
1.7708199501037598,0.06282379092529725,0.11894116401672364,0.01862565336430913,20,sqrt,2,2,1000,"{'max_depth': 20, 'max_features': 'sqrt', 'min_samples_leaf': 2, 'min_samples_split': 2, 'n_estimators': 1000}",0.8918918918918919,0.8611111111111112,0.7777777777777778,0.8888888888888888,0.8055555555555556,0.8450450450450451,0.0457369286399534,54
0.7236645221710205,0.02508801235355713,0.053468751907348636,0.009121036965789593,20,sqrt,2,5,400,"{'max_depth': 20, 'max_features': 'sqrt', 'min_samples_leaf': 2, 'min_samples_split': 5, 'n_estimators': 400}",0.8918918918918919,0.8611111111111112,0.8055555555555556,0.8888888888888888,0.8055555555555556,0.8506006006006006,0.03831330514054135,19
1.052611780166626,0.0359312028753213,0.06864604949951172,0.002885320956840484,20,sqrt,2,5,600,"{'max_depth': 20, 'max_features': 'sqrt', 'min_samples_leaf': 2, 'min_samples_split': 5, 'n_estimators': 600}",0.8918918918918919,0.8611111111111112,0.8055555555555556,0.8888888888888888,0.8055555555555556,0.8506006006006006,0.03831330514054135,19
1.5027813911437988,0.044393034188697014,0.10287065505981445,0.014858980910031837,20,sqrt,2,5,800,"{'max_depth': 20, 'max_features': 'sqrt', 'min_samples_leaf': 2, 'min_samples_split': 5, 'n_estimators': 800}",0.8918918918918919,0.8611111111111112,0.7777777777777778,0.8888888888888888,0.8055555555555556,0.8450450450450451,0.0457369286399534,54
2.0058249950408937,0.1718260243816399,0.108624267578125,0.005690274573898474,20,sqrt,2,5,1000,"{'max_depth': 20, 'max_features': 'sqrt', 'min_samples_leaf': 2, 'min_samples_split': 5, 'n_estimators': 1000}",0.8918918918918919,0.8611111111111112,0.7777777777777778,0.8888888888888888,0.8055555555555556,0.8450450450450451,0.0457369286399534,54
0.9115520477294922,0.1656990261412083,0.055449724197387695,0.007880808513175071,30,log2,1,2,400,"{'max_depth': 30, 'max_features': 'log2', 'min_samples_leaf': 1, 'min_samples_split': 2, 'n_estimators': 400}",0.918918918918919,0.9166666666666666,0.7777777777777778,0.9166666666666666,0.8055555555555556,0.867117117117117,0.062233569408362305,1
1.061936378479004,0.026979853465436892,0.08739533424377441,0.01577991879586504,30,log2,1,2,600,"{'max_depth': 30, 'max_features': 'log2', 'min_samples_leaf': 1, 'min_samples_split': 2, 'n_estimators': 600}",0.8918918918918919,0.9166666666666666,0.7777777777777778,0.8888888888888888,0.8055555555555556,0.8561561561561561,0.05424682011203089,7
1.443856954574585,0.08308455276481581,0.10227484703063965,0.022142755803580737,30,log2,1,2,800,"{'max_depth': 30, 'max_features': 'log2', 'min_samples_leaf': 1, 'min_samples_split': 2, 'n_estimators': 800}",0.8918918918918919,0.8888888888888888,0.7777777777777778,0.8888888888888888,0.8055555555555556,0.8506006006006006,0.048926835956539814,19
1.8250826358795167,0.05240221239230021,0.11239376068115234,0.010249817825340507,30,log2,1,2,1000,"{'max_depth': 30, 'max_features': 'log2', 'min_samples_leaf': 1, 'min_samples_split': 2, 'n_estimators': 1000}",0.8918918918918919,0.8888888888888888,0.8055555555555556,0.8888888888888888,0.8055555555555556,0.8561561561561561,0.04132976640428145,7
0.6981698036193847,0.03180386689729241,0.058234643936157224,0.013381573180555996,30,log2,1,5,400,"{'max_depth': 30, 'max_features': 'log2', 'min_samples_leaf': 1, 'min_samples_split': 5, 'n_estimators': 400}",0.8918918918918919,0.8333333333333334,0.8055555555555556,0.8888888888888888,0.8055555555555556,0.8450450450450451,0.038400295451974126,54
1.0988390445709229,0.03255298455608662,0.06557116508483887,0.00151753149234613,30,log2,1,5,600,"{'max_depth': 30, 'max_features': 'log2', 'min_samples_leaf': 1, 'min_samples_split': 5, 'n_estimators': 600}",0.8918918918918919,0.8333333333333334,0.8055555555555556,0.8611111111111112,0.8333333333333334,0.8450450450450451,0.02927966427713307,54
1.3845351219177247,0.06056299294311263,0.08828840255737305,0.0031213899566078975,30,log2,1,5,800,"{'max_depth': 30, 'max_features': 'log2', 'min_samples_leaf': 1, 'min_samples_split': 5, 'n_estimators': 800}",0.8918918918918919,0.8333333333333334,0.8055555555555556,0.8888888888888888,0.8333333333333334,0.8506006006006006,0.03404801573489401,19
1.842045497894287,0.04036488210772602,0.14562582969665527,0.040882922414361686,30,log2,1,5,1000,"{'max_depth': 30, 'max_features': 'log2', 'min_samples_leaf': 1, 'min_samples_split': 5, 'n_estimators': 1000}",0.8918918918918919,0.8333333333333334,0.8055555555555556,0.8611111111111112,0.8333333333333334,0.8450450450450451,0.02927966427713307,54
0.6967812061309815,0.032007132165260646,0.05108799934387207,0.0031991781726241906,30,log2,2,2,400,"{'max_depth': 30, 'max_features': 'log2', 'min_samples_leaf': 2, 'min_samples_split': 2, 'n_estimators': 400}",0.7567567567567568,0.8055555555555556,0.75,0.8333333333333334,0.7777777777777778,0.7846846846846847,0.031090146796991642,121
1.036243724822998,0.068485031800654,0.07628469467163086,0.008460748602309748,30,log2,2,2,600,"{'max_depth': 30, 'max_features': 'log2', 'min_samples_leaf': 2, 'min_samples_split': 2, 'n_estimators': 600}",0.7567567567567568,0.8055555555555556,0.75,0.8333333333333334,0.7777777777777778,0.7846846846846847,0.031090146796991642,121
1.3527912139892577,0.05719523341427995,0.09939837455749512,0.019300999083987743,30,log2,2,2,800,"{'max_depth': 30, 'max_features': 'log2', 'min_samples_leaf': 2, 'min_samples_split': 2, 'n_estimators': 800}",0.7567567567567568,0.8055555555555556,0.75,0.8333333333333334,0.7777777777777778,0.7846846846846847,0.031090146796991642,121
1.6395783424377441,0.058030559943560094,0.10654091835021973,0.004761586592941102,30,log2,2,2,1000,"{'max_depth': 30, 'max_features': 'log2', 'min_samples_leaf': 2, 'min_samples_split': 2, 'n_estimators': 1000}",0.7567567567567568,0.8055555555555556,0.75,0.8333333333333334,0.7777777777777778,0.7846846846846847,0.031090146796991642,121
0.6728734016418457,0.07244626924323104,0.056246614456176756,0.0063874007256960194,30,log2,2,5,400,"{'max_depth': 30, 'max_features': 'log2', 'min_samples_leaf': 2, 'min_samples_split': 5, 'n_estimators': 400}",0.7567567567567568,0.8055555555555556,0.75,0.8333333333333334,0.7777777777777778,0.7846846846846847,0.031090146796991642,121
0.9886275291442871,0.03888265905954242,0.07043209075927734,0.00385472851946411,30,log2,2,5,600,"{'max_depth': 30, 'max_features': 'log2', 'min_samples_leaf': 2, 'min_samples_split': 5, 'n_estimators': 600}",0.7567567567567568,0.8055555555555556,0.75,0.8333333333333334,0.7777777777777778,0.7846846846846847,0.031090146796991642,121
1.370150899887085,0.04452941592926157,0.09662079811096191,0.006781856236179543,30,log2,2,5,800,"{'max_depth': 30, 'max_features': 'log2', 'min_samples_leaf': 2, 'min_samples_split': 5, 'n_estimators': 800}",0.7567567567567568,0.8055555555555556,0.75,0.8333333333333334,0.7777777777777778,0.7846846846846847,0.031090146796991642,121
1.748896837234497,0.09510120256508388,0.12280974388122559,0.013285096543250134,30,log2,2,5,1000,"{'max_depth': 30, 'max_features': 'log2', 'min_samples_leaf': 2, 'min_samples_split': 5, 'n_estimators': 1000}",0.7567567567567568,0.8055555555555556,0.75,0.8333333333333334,0.7777777777777778,0.7846846846846847,0.031090146796991642,121
0.8417123317718506,0.013727751782645613,0.06368660926818848,0.009245276269580091,30,sqrt,1,2,400,"{'max_depth': 30, 'max_features': 'sqrt', 'min_samples_leaf': 1, 'min_samples_split': 2, 'n_estimators': 400}",0.8918918918918919,0.8888888888888888,0.7777777777777778,0.8611111111111112,0.8055555555555556,0.8450450450450451,0.045736928639953406,54
1.2244260787963868,0.05429579094728936,0.0826338291168213,0.01069177639325398,30,sqrt,1,2,600,"{'max_depth': 30, 'max_features': 'sqrt', 'min_samples_leaf': 1, 'min_samples_split': 2, 'n_estimators': 600}",0.8918918918918919,0.8888888888888888,0.8055555555555556,0.8888888888888888,0.8055555555555556,0.8561561561561561,0.04132976640428145,7
1.6366026878356934,0.05171314020020674,0.09503350257873536,0.0039006466911589367,30,sqrt,1,2,800,"{'max_depth': 30, 'max_features': 'sqrt', 'min_samples_leaf': 1, 'min_samples_split': 2, 'n_estimators': 800}",0.8918918918918919,0.8888888888888888,0.8055555555555556,0.8611111111111112,0.8055555555555556,0.8506006006006006,0.03831330514054135,19
1.997988224029541,0.08815442460424379,0.11933736801147461,0.006599688306675048,30,sqrt,1,2,1000,"{'max_depth': 30, 'max_features': 'sqrt', 'min_samples_leaf': 1, 'min_samples_split': 2, 'n_estimators': 1000}",0.8918918918918919,0.8888888888888888,0.8055555555555556,0.8611111111111112,0.8055555555555556,0.8506006006006006,0.03831330514054135,19
0.7629475116729736,0.028981796532687086,0.05227813720703125,0.0016175560366392563,30,sqrt,1,5,400,"{'max_depth': 30, 'max_features': 'sqrt', 'min_samples_leaf': 1, 'min_samples_split': 5, 'n_estimators': 400}",0.8918918918918919,0.8333333333333334,0.8055555555555556,0.8888888888888888,0.8055555555555556,0.8450450450450451,0.038400295451974126,54
1.1611362457275392,0.041155242630478636,0.07678122520446777,0.003808223208870578,30,sqrt,1,5,600,"{'max_depth': 30, 'max_features': 'sqrt', 'min_samples_leaf': 1, 'min_samples_split': 5, 'n_estimators': 600}",0.8918918918918919,0.8333333333333334,0.8333333333333334,0.8888888888888888,0.8055555555555556,0.8506006006006006,0.03404801573489401,19
1.4936587810516357,0.09699209331680637,0.09661722183227539,0.009750567858408127,30,sqrt,1,5,800,"{'max_depth': 30, 'max_features': 'sqrt', 'min_samples_leaf': 1, 'min_samples_split': 5, 'n_estimators': 800}",0.8918918918918919,0.8333333333333334,0.7777777777777778,0.8888888888888888,0.8333333333333334,0.8450450450450451,0.04222824488547383,54
1.8255784034729003,0.08999948232776635,0.12241334915161133,0.015308409550052972,30,sqrt,1,5,1000,"{'max_depth': 30, 'max_features': 'sqrt', 'min_samples_leaf': 1, 'min_samples_split': 5, 'n_estimators': 1000}",0.8918918918918919,0.8333333333333334,0.7777777777777778,0.8888888888888888,0.8333333333333334,0.8450450450450451,0.04222824488547383,54
0.74281005859375,0.021277264875924747,0.05406398773193359,0.009622890820448109,30,sqrt,2,2,400,"{'max_depth': 30, 'max_features': 'sqrt', 'min_samples_leaf': 2, 'min_samples_split': 2, 'n_estimators': 400}",0.8918918918918919,0.8611111111111112,0.8055555555555556,0.8888888888888888,0.8055555555555556,0.8506006006006006,0.03831330514054135,19
1.0975494861602784,0.06017562554406455,0.07638392448425294,0.01103274533335827,30,sqrt,2,2,600,"{'max_depth': 30, 'max_features': 'sqrt', 'min_samples_leaf': 2, 'min_samples_split': 2, 'n_estimators': 600}",0.8918918918918919,0.8611111111111112,0.8055555555555556,0.8888888888888888,0.8055555555555556,0.8506006006006006,0.03831330514054135,19
1.4614151954650878,0.07459362619918489,0.0995969295501709,0.013206823952048684,30,sqrt,2,2,800,"{'max_depth': 30, 'max_features': 'sqrt', 'min_samples_leaf': 2, 'min_samples_split': 2, 'n_estimators': 800}",0.8918918918918919,0.8611111111111112,0.7777777777777778,0.8888888888888888,0.8055555555555556,0.8450450450450451,0.0457369286399534,54
1.7583205699920654,0.11065800499506259,0.11874246597290039,0.011947724444487474,30,sqrt,2,2,1000,"{'max_depth': 30, 'max_features': 'sqrt', 'min_samples_leaf': 2, 'min_samples_split': 2, 'n_estimators': 1000}",0.8918918918918919,0.8611111111111112,0.7777777777777778,0.8888888888888888,0.8055555555555556,0.8450450450450451,0.0457369286399534,54
0.7055109024047852,0.04381048585096707,0.05257606506347656,0.00709095539533314,30,sqrt,2,5,400,"{'max_depth': 30, 'max_features': 'sqrt', 'min_samples_leaf': 2, 'min_samples_split': 5, 'n_estimators': 400}",0.8918918918918919,0.8611111111111112,0.8055555555555556,0.8888888888888888,0.8055555555555556,0.8506006006006006,0.03831330514054135,19
1.032771635055542,0.06319480538530556,0.06993613243103028,0.0015683881007798077,30,sqrt,2,5,600,"{'max_depth': 30, 'max_features': 'sqrt', 'min_samples_leaf': 2, 'min_samples_split': 5, 'n_estimators': 600}",0.8918918918918919,0.8611111111111112,0.8055555555555556,0.8888888888888888,0.8055555555555556,0.8506006006006006,0.03831330514054135,19
1.383146095275879,0.0752916951545507,0.10217604637145997,0.014130237494049536,30,sqrt,2,5,800,"{'max_depth': 30, 'max_features': 'sqrt', 'min_samples_leaf': 2, 'min_samples_split': 5, 'n_estimators': 800}",0.8918918918918919,0.8611111111111112,0.7777777777777778,0.8888888888888888,0.8055555555555556,0.8450450450450451,0.0457369286399534,54
1.8552393436431884,0.10417728931909252,0.12528977394104004,0.011124624362476312,30,sqrt,2,5,1000,"{'max_depth': 30, 'max_features': 'sqrt', 'min_samples_leaf': 2, 'min_samples_split': 5, 'n_estimators': 1000}",0.8918918918918919,0.8611111111111112,0.7777777777777778,0.8888888888888888,0.8055555555555556,0.8450450450450451,0.0457369286399534,54
0.7580867290496827,0.041709654712351,0.05128641128540039,0.00492612080469858,40,log2,1,2,400,"{'max_depth': 40, 'max_features': 'log2', 'min_samples_leaf': 1, 'min_samples_split': 2, 'n_estimators': 400}",0.918918918918919,0.9166666666666666,0.7777777777777778,0.9166666666666666,0.8055555555555556,0.867117117117117,0.062233569408362305,1
1.0966564655303954,0.03856328874486711,0.06904325485229493,0.0041307543747071815,40,log2,1,2,600,"{'max_depth': 40, 'max_features': 'log2', 'min_samples_leaf': 1, 'min_samples_split': 2, 'n_estimators': 600}",0.8918918918918919,0.9166666666666666,0.7777777777777778,0.8888888888888888,0.8055555555555556,0.8561561561561561,0.05424682011203089,7
1.4935556888580321,0.00873554100767877,0.09314889907836914,0.007491896652257583,40,log2,1,2,800,"{'max_depth': 40, 'max_features': 'log2', 'min_samples_leaf': 1, 'min_samples_split': 2, 'n_estimators': 800}",0.8918918918918919,0.8888888888888888,0.7777777777777778,0.8888888888888888,0.8055555555555556,0.8506006006006006,0.048926835956539814,19
1.8523626804351807,0.06389456821364407,0.11229438781738281,0.008513983624298966,40,log2,1,2,1000,"{'max_depth': 40, 'max_features': 'log2', 'min_samples_leaf': 1, 'min_samples_split': 2, 'n_estimators': 1000}",0.8918918918918919,0.8888888888888888,0.8055555555555556,0.8888888888888888,0.8055555555555556,0.8561561561561561,0.04132976640428145,7
0.7176129341125488,0.04566357638693646,0.05098881721496582,0.0031898556521683936,40,log2,1,5,400,"{'max_depth': 40, 'max_features': 'log2', 'min_samples_leaf': 1, 'min_samples_split': 5, 'n_estimators': 400}",0.8918918918918919,0.8333333333333334,0.8055555555555556,0.8888888888888888,0.8055555555555556,0.8450450450450451,0.038400295451974126,54
1.0754276275634767,0.03904342461389389,0.07320938110351563,0.0054298549999188,40,log2,1,5,600,"{'max_depth': 40, 'max_features': 'log2', 'min_samples_leaf': 1, 'min_samples_split': 5, 'n_estimators': 600}",0.8918918918918919,0.8333333333333334,0.8055555555555556,0.8611111111111112,0.8333333333333334,0.8450450450450451,0.02927966427713307,54
1.3563619613647462,0.0442201842511093,0.1003903865814209,0.008674384855311058,40,log2,1,5,800,"{'max_depth': 40, 'max_features': 'log2', 'min_samples_leaf': 1, 'min_samples_split': 5, 'n_estimators': 800}",0.8918918918918919,0.8333333333333334,0.8055555555555556,0.8888888888888888,0.8333333333333334,0.8506006006006006,0.03404801573489401,19
1.7849063873291016,0.07256512790458429,0.11348495483398438,0.004539319588172842,40,log2,1,5,1000,"{'max_depth': 40, 'max_features': 'log2', 'min_samples_leaf': 1, 'min_samples_split': 5, 'n_estimators': 1000}",0.8918918918918919,0.8333333333333334,0.8055555555555556,0.8611111111111112,0.8333333333333334,0.8450450450450451,0.02927966427713307,54
0.6828928470611573,0.042130622506166164,0.05465950965881348,0.0037303089336464183,40,log2,2,2,400,"{'max_depth': 40, 'max_features': 'log2', 'min_samples_leaf': 2, 'min_samples_split': 2, 'n_estimators': 400}",0.7567567567567568,0.8055555555555556,0.75,0.8333333333333334,0.7777777777777778,0.7846846846846847,0.031090146796991642,121
1.0061861991882324,0.03772816125582347,0.07539181709289551,0.008955566252622447,40,log2,2,2,600,"{'max_depth': 40, 'max_features': 'log2', 'min_samples_leaf': 2, 'min_samples_split': 2, 'n_estimators': 600}",0.7567567567567568,0.8055555555555556,0.75,0.8333333333333334,0.7777777777777778,0.7846846846846847,0.031090146796991642,121
1.3258085250854492,0.029975616193371378,0.09969601631164551,0.008125857558581168,40,log2,2,2,800,"{'max_depth': 40, 'max_features': 'log2', 'min_samples_leaf': 2, 'min_samples_split': 2, 'n_estimators': 800}",0.7567567567567568,0.8055555555555556,0.75,0.8333333333333334,0.7777777777777778,0.7846846846846847,0.031090146796991642,121
1.6849125862121581,0.08453738498270782,0.11834568977355957,0.007795724289056057,40,log2,2,2,1000,"{'max_depth': 40, 'max_features': 'log2', 'min_samples_leaf': 2, 'min_samples_split': 2, 'n_estimators': 1000}",0.7567567567567568,0.8055555555555556,0.75,0.8333333333333334,0.7777777777777778,0.7846846846846847,0.031090146796991642,121
0.6354784488677978,0.011342390735740107,0.04791069030761719,0.002401662794864898,40,log2,2,5,400,"{'max_depth': 40, 'max_features': 'log2', 'min_samples_leaf': 2, 'min_samples_split': 5, 'n_estimators': 400}",0.7567567567567568,0.8055555555555556,0.75,0.8333333333333334,0.7777777777777778,0.7846846846846847,0.031090146796991642,121
1.0509255409240723,0.04355049168787381,0.07816977500915527,0.009229237186753884,40,log2,2,5,600,"{'max_depth': 40, 'max_features': 'log2', 'min_samples_leaf': 2, 'min_samples_split': 5, 'n_estimators': 600}",0.7567567567567568,0.8055555555555556,0.75,0.8333333333333334,0.7777777777777778,0.7846846846846847,0.031090146796991642,121
1.3456485748291016,0.03171157065072178,0.1083263874053955,0.022539343071660143,40,log2,2,5,800,"{'max_depth': 40, 'max_features': 'log2', 'min_samples_leaf': 2, 'min_samples_split': 5, 'n_estimators': 800}",0.7567567567567568,0.8055555555555556,0.75,0.8333333333333334,0.7777777777777778,0.7846846846846847,0.031090146796991642,121
1.6724139213562013,0.09860756317321855,0.11338553428649903,0.006710196606550634,40,log2,2,5,1000,"{'max_depth': 40, 'max_features': 'log2', 'min_samples_leaf': 2, 'min_samples_split': 5, 'n_estimators': 1000}",0.7567567567567568,0.8055555555555556,0.75,0.8333333333333334,0.7777777777777778,0.7846846846846847,0.031090146796991642,121
0.7755457878112793,0.027477725494198205,0.053865575790405275,0.0028854029074793764,40,sqrt,1,2,400,"{'max_depth': 40, 'max_features': 'sqrt', 'min_samples_leaf': 1, 'min_samples_split': 2, 'n_estimators': 400}",0.8918918918918919,0.8888888888888888,0.7777777777777778,0.8611111111111112,0.8055555555555556,0.8450450450450451,0.045736928639953406,54
1.2138119697570802,0.061189032561833855,0.10614409446716308,0.04798526357194928,40,sqrt,1,2,600,"{'max_depth': 40, 'max_features': 'sqrt', 'min_samples_leaf': 1, 'min_samples_split': 2, 'n_estimators': 600}",0.8918918918918919,0.8888888888888888,0.8055555555555556,0.8888888888888888,0.8055555555555556,0.8561561561561561,0.04132976640428145,7
1.8619847774505616,0.1171091275923225,0.09116482734680176,0.012639403384013847,40,sqrt,1,2,800,"{'max_depth': 40, 'max_features': 'sqrt', 'min_samples_leaf': 1, 'min_samples_split': 2, 'n_estimators': 800}",0.8918918918918919,0.8888888888888888,0.8055555555555556,0.8611111111111112,0.8055555555555556,0.8506006006006006,0.03831330514054135,19
1.9746761322021484,0.223063686266836,0.10574731826782227,0.008043079613774798,40,sqrt,1,2,1000,"{'max_depth': 40, 'max_features': 'sqrt', 'min_samples_leaf': 1, 'min_samples_split': 2, 'n_estimators': 1000}",0.8918918918918919,0.8888888888888888,0.8055555555555556,0.8611111111111112,0.8055555555555556,0.8506006006006006,0.03831330514054135,19
0.7120577812194824,0.050853497813384003,0.049798440933227536,0.00640270245736959,40,sqrt,1,5,400,"{'max_depth': 40, 'max_features': 'sqrt', 'min_samples_leaf': 1, 'min_samples_split': 5, 'n_estimators': 400}",0.8918918918918919,0.8333333333333334,0.8055555555555556,0.8888888888888888,0.8055555555555556,0.8450450450450451,0.038400295451974126,54
1.1062787055969239,0.03343859415505289,0.0750946044921875,0.011621924182429728,40,sqrt,1,5,600,"{'max_depth': 40, 'max_features': 'sqrt', 'min_samples_leaf': 1, 'min_samples_split': 5, 'n_estimators': 600}",0.8918918918918919,0.8333333333333334,0.8333333333333334,0.8888888888888888,0.8055555555555556,0.8506006006006006,0.03404801573489401,19
1.5249030590057373,0.06266957404079203,0.1061441421508789,0.016959951899618138,40,sqrt,1,5,800,"{'max_depth': 40, 'max_features': 'sqrt', 'min_samples_leaf': 1, 'min_samples_split': 5, 'n_estimators': 800}",0.8918918918918919,0.8333333333333334,0.7777777777777778,0.8888888888888888,0.8333333333333334,0.8450450450450451,0.04222824488547383,54
1.8496840953826905,0.0938179059813772,0.11745285987854004,0.016969840022976038,40,sqrt,1,5,1000,"{'max_depth': 40, 'max_features': 'sqrt', 'min_samples_leaf': 1, 'min_samples_split': 5, 'n_estimators': 1000}",0.8918918918918919,0.8333333333333334,0.7777777777777778,0.8888888888888888,0.8333333333333334,0.8450450450450451,0.04222824488547383,54
0.674262809753418,0.02186597735086232,0.05148482322692871,0.0035822201710863054,40,sqrt,2,2,400,"{'max_depth': 40, 'max_features': 'sqrt', 'min_samples_leaf': 2, 'min_samples_split': 2, 'n_estimators': 400}",0.8918918918918919,0.8611111111111112,0.8055555555555556,0.8888888888888888,0.8055555555555556,0.8506006006006006,0.03831330514054135,19
1.0654082298278809,0.047888059074026865,0.06944041252136231,0.0043687686662858445,40,sqrt,2,2,600,"{'max_depth': 40, 'max_features': 'sqrt', 'min_samples_leaf': 2, 'min_samples_split': 2, 'n_estimators': 600}",0.8918918918918919,0.8611111111111112,0.8055555555555556,0.8888888888888888,0.8055555555555556,0.8506006006006006,0.03831330514054135,19
1.4483205318450927,0.058994342383638015,0.09602584838867187,0.006607146811049303,40,sqrt,2,2,800,"{'max_depth': 40, 'max_features': 'sqrt', 'min_samples_leaf': 2, 'min_samples_split': 2, 'n_estimators': 800}",0.8918918918918919,0.8611111111111112,0.7777777777777778,0.8888888888888888,0.8055555555555556,0.8450450450450451,0.0457369286399534,54
1.7873865127563477,0.03625137707603343,0.11576638221740723,0.01629598432564353,40,sqrt,2,2,1000,"{'max_depth': 40, 'max_features': 'sqrt', 'min_samples_leaf': 2, 'min_samples_split': 2, 'n_estimators': 1000}",0.8918918918918919,0.8611111111111112,0.7777777777777778,0.8888888888888888,0.8055555555555556,0.8450450450450451,0.0457369286399534,54
0.7201921463012695,0.03898592029410117,0.047715282440185545,0.0030959575754616886,40,sqrt,2,5,400,"{'max_depth': 40, 'max_features': 'sqrt', 'min_samples_leaf': 2, 'min_samples_split': 5, 'n_estimators': 400}",0.8918918918918919,0.8611111111111112,0.8055555555555556,0.8888888888888888,0.8055555555555556,0.8506006006006006,0.03831330514054135,19
1.0979461193084716,0.07314485723999622,0.07489614486694336,0.005514402633384771,40,sqrt,2,5,600,"{'max_depth': 40, 'max_features': 'sqrt', 'min_samples_leaf': 2, 'min_samples_split': 5, 'n_estimators': 600}",0.8918918918918919,0.8611111111111112,0.8055555555555556,0.8888888888888888,0.8055555555555556,0.8506006006006006,0.03831330514054135,19
1.559920883178711,0.13785420655590602,0.11189770698547363,0.022454383978973938,40,sqrt,2,5,800,"{'max_depth': 40, 'max_features': 'sqrt', 'min_samples_leaf': 2, 'min_samples_split': 5, 'n_estimators': 800}",0.8918918918918919,0.8611111111111112,0.7777777777777778,0.8888888888888888,0.8055555555555556,0.8450450450450451,0.0457369286399534,54
1.9448167324066161,0.17780560505388435,0.10941753387451172,0.00941934756378902,40,sqrt,2,5,1000,"{'max_depth': 40, 'max_features': 'sqrt', 'min_samples_leaf': 2, 'min_samples_split': 5, 'n_estimators': 1000}",0.8918918918918919,0.8611111111111112,0.7777777777777778,0.8888888888888888,0.8055555555555556,0.8450450450450451,0.0457369286399534,54
0.72614426612854,0.023946189071855466,0.055452919006347655,0.0060535656461915095,50,log2,1,2,400,"{'max_depth': 50, 'max_features': 'log2', 'min_samples_leaf': 1, 'min_samples_split': 2, 'n_estimators': 400}",0.918918918918919,0.9166666666666666,0.7777777777777778,0.9166666666666666,0.8055555555555556,0.867117117117117,0.062233569408362305,1
1.0770148277282714,0.050824368007589694,0.07658243179321289,0.008219781628737061,50,log2,1,2,600,"{'max_depth': 50, 'max_features': 'log2', 'min_samples_leaf': 1, 'min_samples_split': 2, 'n_estimators': 600}",0.8918918918918919,0.9166666666666666,0.7777777777777778,0.8888888888888888,0.8055555555555556,0.8561561561561561,0.05424682011203089,7
1.4155850887298584,0.01829422291918224,0.09453763961791992,0.007565261011092624,50,log2,1,2,800,"{'max_depth': 50, 'max_features': 'log2', 'min_samples_leaf': 1, 'min_samples_split': 2, 'n_estimators': 800}",0.8918918918918919,0.8888888888888888,0.7777777777777778,0.8888888888888888,0.8055555555555556,0.8506006006006006,0.048926835956539814,19
1.775383472442627,0.03319229421556172,0.11298880577087403,0.009365741347668871,50,log2,1,2,1000,"{'max_depth': 50, 'max_features': 'log2', 'min_samples_leaf': 1, 'min_samples_split': 2, 'n_estimators': 1000}",0.8918918918918919,0.8888888888888888,0.8055555555555556,0.8888888888888888,0.8055555555555556,0.8561561561561561,0.04132976640428145,7
0.6993603706359863,0.051619316416202134,0.05019521713256836,0.006462251211064863,50,log2,1,5,400,"{'max_depth': 50, 'max_features': 'log2', 'min_samples_leaf': 1, 'min_samples_split': 5, 'n_estimators': 400}",0.8918918918918919,0.8333333333333334,0.8055555555555556,0.8888888888888888,0.8055555555555556,0.8450450450450451,0.038400295451974126,54
1.0109477043151855,0.06408064913905785,0.06874580383300781,0.004701094732622614,50,log2,1,5,600,"{'max_depth': 50, 'max_features': 'log2', 'min_samples_leaf': 1, 'min_samples_split': 5, 'n_estimators': 600}",0.8918918918918919,0.8333333333333334,0.8055555555555556,0.8611111111111112,0.8333333333333334,0.8450450450450451,0.02927966427713307,54
1.3914790630340577,0.09512898847625052,0.09354581832885742,0.00560816968495955,50,log2,1,5,800,"{'max_depth': 50, 'max_features': 'log2', 'min_samples_leaf': 1, 'min_samples_split': 5, 'n_estimators': 800}",0.8918918918918919,0.8333333333333334,0.8055555555555556,0.8888888888888888,0.8333333333333334,0.8506006006006006,0.03404801573489401,19
1.8465097427368165,0.15112448214846683,0.14235196113586426,0.032710636583370506,50,log2,1,5,1000,"{'max_depth': 50, 'max_features': 'log2', 'min_samples_leaf': 1, 'min_samples_split': 5, 'n_estimators': 1000}",0.8918918918918919,0.8333333333333334,0.8055555555555556,0.8611111111111112,0.8333333333333334,0.8450450450450451,0.02927966427713307,54
0.6801156520843505,0.06688860322016672,0.049798202514648435,0.0039877863214234826,50,log2,2,2,400,"{'max_depth': 50, 'max_features': 'log2', 'min_samples_leaf': 2, 'min_samples_split': 2, 'n_estimators': 400}",0.7567567567567568,0.8055555555555556,0.75,0.8333333333333334,0.7777777777777778,0.7846846846846847,0.031090146796991642,121
0.9736483097076416,0.03824172657577946,0.0727189064025879,0.006371418965368721,50,log2,2,2,600,"{'max_depth': 50, 'max_features': 'log2', 'min_samples_leaf': 2, 'min_samples_split': 2, 'n_estimators': 600}",0.7567567567567568,0.8055555555555556,0.75,0.8333333333333334,0.7777777777777778,0.7846846846846847,0.031090146796991642,121
1.3045796871185302,0.08916262245571552,0.09652156829833984,0.006055476342298189,50,log2,2,2,800,"{'max_depth': 50, 'max_features': 'log2', 'min_samples_leaf': 2, 'min_samples_split': 2, 'n_estimators': 800}",0.7567567567567568,0.8055555555555556,0.75,0.8333333333333334,0.7777777777777778,0.7846846846846847,0.031090146796991642,121
1.839466142654419,0.1986266310434407,0.11834568977355957,0.021507097099441194,50,log2,2,2,1000,"{'max_depth': 50, 'max_features': 'log2', 'min_samples_leaf': 2, 'min_samples_split': 2, 'n_estimators': 1000}",0.7567567567567568,0.8055555555555556,0.75,0.8333333333333334,0.7777777777777778,0.7846846846846847,0.031090146796991642,121
0.6711872577667236,0.035895065548519255,0.04920315742492676,0.0037434685552927946,50,log2,2,5,400,"{'max_depth': 50, 'max_features': 'log2', 'min_samples_leaf': 2, 'min_samples_split': 5, 'n_estimators': 400}",0.7567567567567568,0.8055555555555556,0.75,0.8333333333333334,0.7777777777777778,0.7846846846846847,0.031090146796991642,121
1.0200738906860352,0.03515898651600305,0.07350749969482422,0.006500498514210051,50,log2,2,5,600,"{'max_depth': 50, 'max_features': 'log2', 'min_samples_leaf': 2, 'min_samples_split': 5, 'n_estimators': 600}",0.7567567567567568,0.8055555555555556,0.75,0.8333333333333334,0.7777777777777778,0.7846846846846847,0.031090146796991642,121
1.3387046813964845,0.0330695559224054,0.12191681861877442,0.028782222826546255,50,log2,2,5,800,"{'max_depth': 50, 'max_features': 'log2', 'min_samples_leaf': 2, 'min_samples_split': 5, 'n_estimators': 800}",0.7567567567567568,0.8055555555555556,0.75,0.8333333333333334,0.7777777777777778,0.7846846846846847,0.031090146796991642,121
1.767844009399414,0.03172762401697427,0.11566762924194336,0.008684327577434635,50,log2,2,5,1000,"{'max_depth': 50, 'max_features': 'log2', 'min_samples_leaf': 2, 'min_samples_split': 5, 'n_estimators': 1000}",0.7567567567567568,0.8055555555555556,0.75,0.8333333333333334,0.7777777777777778,0.7846846846846847,0.031090146796991642,121
0.8060995101928711,0.02956503077966244,0.051782417297363284,0.003666564603116413,50,sqrt,1,2,400,"{'max_depth': 50, 'max_features': 'sqrt', 'min_samples_leaf': 1, 'min_samples_split': 2, 'n_estimators': 400}",0.8918918918918919,0.8888888888888888,0.7777777777777778,0.8611111111111112,0.8055555555555556,0.8450450450450451,0.045736928639953406,54
1.2393062591552735,0.019930597739097028,0.07955851554870605,0.008032138829735877,50,sqrt,1,2,600,"{'max_depth': 50, 'max_features': 'sqrt', 'min_samples_leaf': 1, 'min_samples_split': 2, 'n_estimators': 600}",0.8918918918918919,0.8888888888888888,0.8055555555555556,0.8888888888888888,0.8055555555555556,0.8561561561561561,0.04132976640428145,7
1.663088846206665,0.010857553544214284,0.09781136512756347,0.0037822638042419067,50,sqrt,1,2,800,"{'max_depth': 50, 'max_features': 'sqrt', 'min_samples_leaf': 1, 'min_samples_split': 2, 'n_estimators': 800}",0.8918918918918919,0.8888888888888888,0.8055555555555556,0.8611111111111112,0.8055555555555556,0.8506006006006006,0.03831330514054135,19
2.0539369583129883,0.12414309848481812,0.12717432975769044,0.011761200848388692,50,sqrt,1,2,1000,"{'max_depth': 50, 'max_features': 'sqrt', 'min_samples_leaf': 1, 'min_samples_split': 2, 'n_estimators': 1000}",0.8918918918918919,0.8888888888888888,0.8055555555555556,0.8611111111111112,0.8055555555555556,0.8506006006006006,0.03831330514054135,19
0.840820026397705,0.07055895244466577,0.05594844818115234,0.0050817759380019055,50,sqrt,1,5,400,"{'max_depth': 50, 'max_features': 'sqrt', 'min_samples_leaf': 1, 'min_samples_split': 5, 'n_estimators': 400}",0.8918918918918919,0.8333333333333334,0.8055555555555556,0.8888888888888888,0.8055555555555556,0.8450450450450451,0.038400295451974126,54
1.1903011322021484,0.07254455300197414,0.09632334709167481,0.03643691408844205,50,sqrt,1,5,600,"{'max_depth': 50, 'max_features': 'sqrt', 'min_samples_leaf': 1, 'min_samples_split': 5, 'n_estimators': 600}",0.8918918918918919,0.8333333333333334,0.8333333333333334,0.8888888888888888,0.8055555555555556,0.8506006006006006,0.03404801573489401,19
1.6617000579833985,0.07141276444162228,0.10217585563659667,0.022417755447085123,50,sqrt,1,5,800,"{'max_depth': 50, 'max_features': 'sqrt', 'min_samples_leaf': 1, 'min_samples_split': 5, 'n_estimators': 800}",0.8918918918918919,0.8333333333333334,0.7777777777777778,0.8888888888888888,0.8333333333333334,0.8450450450450451,0.04222824488547383,54
1.9999720096588134,0.13957901615930757,0.11775054931640624,0.017738796992011398,50,sqrt,1,5,1000,"{'max_depth': 50, 'max_features': 'sqrt', 'min_samples_leaf': 1, 'min_samples_split': 5, 'n_estimators': 1000}",0.8918918918918919,0.8333333333333334,0.7777777777777778,0.8888888888888888,0.8333333333333334,0.8450450450450451,0.04222824488547383,54
0.7773313045501709,0.00896911012650587,0.06557135581970215,0.017371358351797952,50,sqrt,2,2,400,"{'max_depth': 50, 'max_features': 'sqrt', 'min_samples_leaf': 2, 'min_samples_split': 2, 'n_estimators': 400}",0.8918918918918919,0.8611111111111112,0.8055555555555556,0.8888888888888888,0.8055555555555556,0.8506006006006006,0.03831330514054135,19
1.103897714614868,0.041670982086362426,0.07301115989685059,0.008242646493048615,50,sqrt,2,2,600,"{'max_depth': 50, 'max_features': 'sqrt', 'min_samples_leaf': 2, 'min_samples_split': 2, 'n_estimators': 600}",0.8918918918918919,0.8611111111111112,0.8055555555555556,0.8888888888888888,0.8055555555555556,0.8506006006006006,0.03831330514054135,19
1.4777830123901368,0.02968480195384713,0.11031064987182618,0.024088286547032087,50,sqrt,2,2,800,"{'max_depth': 50, 'max_features': 'sqrt', 'min_samples_leaf': 2, 'min_samples_split': 2, 'n_estimators': 800}",0.8918918918918919,0.8611111111111112,0.7777777777777778,0.8888888888888888,0.8055555555555556,0.8450450450450451,0.0457369286399534,54
1.8749800205230713,0.08242261469729081,0.1213216781616211,0.008213576827385908,50,sqrt,2,2,1000,"{'max_depth': 50, 'max_features': 'sqrt', 'min_samples_leaf': 2, 'min_samples_split': 2, 'n_estimators': 1000}",0.8918918918918919,0.8611111111111112,0.7777777777777778,0.8888888888888888,0.8055555555555556,0.8450450450450451,0.0457369286399534,54
0.7759428024291992,0.0527972345585194,0.04969897270202637,0.004294516307888733,50,sqrt,2,5,400,"{'max_depth': 50, 'max_features': 'sqrt', 'min_samples_leaf': 2, 'min_samples_split': 5, 'n_estimators': 400}",0.8918918918918919,0.8611111111111112,0.8055555555555556,0.8888888888888888,0.8055555555555556,0.8506006006006006,0.03831330514054135,19
1.1852474212646484,0.10162752331080403,0.10276618003845214,0.01951791501715544,50,sqrt,2,5,600,"{'max_depth': 50, 'max_features': 'sqrt', 'min_samples_leaf': 2, 'min_samples_split': 5, 'n_estimators': 600}",0.8918918918918919,0.8611111111111112,0.8055555555555556,0.8888888888888888,0.8055555555555556,0.8506006006006006,0.03831330514054135,19
1.792544412612915,0.2030008869742886,0.13064656257629395,0.04229055508585203,50,sqrt,2,5,800,"{'max_depth': 50, 'max_features': 'sqrt', 'min_samples_leaf': 2, 'min_samples_split': 5, 'n_estimators': 800}",0.8918918918918919,0.8611111111111112,0.7777777777777778,0.8888888888888888,0.8055555555555556,0.8450450450450451,0.0457369286399534,54
1.9296392917633056,0.2865447208131839,0.09969587326049804,0.010979576198172929,50,sqrt,2,5,1000,"{'max_depth': 50, 'max_features': 'sqrt', 'min_samples_leaf': 2, 'min_samples_split': 5, 'n_estimators': 1000}",0.8918918918918919,0.8611111111111112,0.7777777777777778,0.8888888888888888,0.8055555555555556,0.8450450450450451,0.0457369286399534,54
